"model","main_change","recommendation","best_epoch","best_metric_name","label_smoothing","lambda_lat","lambda_phys","lattice_mode","residual_scale","strong_lattice_head","normal_phase_acc_pct","normal_phase_top3_acc_pct","normal_phase_top5_acc_pct","normal_crystal_acc_pct","normal_lattice_mae_A","normal_lattice_mae_a_A","normal_lattice_mae_b_A","normal_lattice_mae_c_A","normal_bragg_deg","hard_phase_acc_pct","hard_phase_top3_acc_pct","hard_phase_top5_acc_pct","hard_crystal_acc_pct","hard_lattice_mae_A","hard_lattice_mae_a_A","hard_lattice_mae_b_A","hard_lattice_mae_c_A","hard_bragg_deg","val_phase_acc_pct","val_crystal_acc_pct","val_lattice_mae_A","val_bragg_deg","source"
"residual_strong_lat003_ls005_v2_best_lattice","V2 lattice-best checkpoint from epoch 40.","Recommended final checkpoint: best normal lattice MAE with excellent phase and crystal accuracy.","40","lattice_mae_mean","0.05","0.03","0","phase_residual","0.02","True","99.8792","100","100","99.9275","0.04539","0.035135","0.037873","0.063162","0.311702","97.7295","99.5894","99.7826","97.1256","0.44811","0.362858","0.385404","0.596067","2.131811","99.686","99.8309","0.045582","0.313482","results/residual_strong_lat003_ls005_v2_best_lattice/metrics_summary.json"
"residual_strong_lat003_ls005","Phase-residual plus strong lattice head, lambda_lat=0.03.","Recommended main model for normal precision and physics-informed workflow.","23","phase_accuracy","0.05","0.03","0","phase_residual","0.02","True","99.7585","100","100","99.8551","0.048137","0.036108","0.039039","0.069264","0.307902","97.7536","99.5411","99.5652","96.6908","0.480591","0.384604","0.401492","0.655676","2.235116","99.7101","99.8551","0.047968","0.307215","results/residual_strong_lat003_ls005/metrics_summary.json"
"residual_strong_lat003_ls005_v2","V2 run of phase-residual plus strong lattice head, 40 epochs.","Primary checkpoint selected by validation phase accuracy.","23","phase_accuracy","0.05","0.03","0","phase_residual","0.02","True","99.7585","100","100","99.8551","0.048137","0.036108","0.039039","0.069264","0.307902","97.7536","99.5411","99.5652","96.6908","0.480591","0.384604","0.401492","0.655676","2.235116","99.7101","99.8551","0.047968","0.307215","results/residual_strong_lat003_ls005_v2/metrics_summary.json"
"residual_strong_lat001_ls005","Phase-residual plus strong lattice head, lambda_lat=0.01.","Best normal phase accuracy; normal lattice is also excellent.","23","phase_accuracy","0.05","0.01","0","phase_residual","0.02","True","99.8551","100","100","99.8309","0.049338","0.037647","0.04015","0.070216","0.306289","97.4155","99.3961","99.5411","96.1594","0.505225","0.401523","0.427462","0.686691","2.328049","99.7101","99.8309","0.04937","0.30703","results/residual_strong_lat001_ls005/metrics_summary.json"
"residual_label_smoothing_005","Phase-residual lattice, residual_scale=0.02.","Strong physics-informed story and excellent normal lattice accuracy.","29","phase_accuracy","0.05","0.01","0","phase_residual","0.02","False","99.7585","100","100","99.8551","0.051595","0.042327","0.044195","0.068265","0.336339","97.6812","99.6135","99.8309","97.4638","0.401814","0.319481","0.347678","0.538284","1.977624","99.7101","99.8309","0.052111","0.339725","results/residual_label_smoothing_005/metrics_summary.json"
"residual_strong_scale001_lat003_ls005","Phase-residual plus strong lattice head, residual_scale=0.01, lambda_lat=0.03.","Worse than residual_scale=0.02.","30","phase_accuracy","0.05","0.03","0","phase_residual","0.01","True","99.8309","100","100","99.8551","0.071762","0.054238","0.059562","0.101486","0.430943","97.1498","99.3961","99.4928","96.4493","0.562369","0.450062","0.476024","0.761022","2.591139","99.7343","99.8068","0.073511","0.441302","results/residual_strong_scale001_lat003_ls005/metrics_summary.json"
"residual_scale_001","Phase-residual lattice, residual_scale=0.01.","Residual scale is too conservative for deployable hard performance.","30","phase_accuracy","0.05","0.01","0","phase_residual","0.01","False","99.7585","100","100","99.8792","0.07587","0.057908","0.063102","0.106599","0.472213","97.5604","99.5894","99.7101","97.0773","0.488685","0.380463","0.415482","0.670111","2.329101","99.7343","99.8068","0.075847","0.474542","results/residual_scale_001/metrics_summary.json"
"combo_stage2_lattice_late","Combination stage-2 late fine-tune.","Better than weak stage-2 runs, but not the final choice.","8","lattice_mae_mean","0","0.1","0","","","False","99.8309","100","100","99.9034","0.119779","0.091533","0.094768","0.173035","0.607287","97.1014","99.2271","99.4928","94.9275","0.766079","0.613496","0.640241","1.044499","3.357455","99.6377","99.8068","0.123419","0.628752","results/combo_stage2_lattice_late/metrics_summary.json"
"stage2_lattice_late","Stage-2 fine-tune late backbone and lattice head.","Some improvement, but weaker than later methods.","8","lattice_mae_mean","0","0.1","0","","","False","99.7826","100","100","99.8309","0.135605","0.105576","0.107772","0.193468","0.679326","96.1594","98.744","98.9614","93.43","0.772459","0.613301","0.650928","1.053148","3.4059","99.6135","99.686","0.141326","0.695027","results/stage2_lattice_late/metrics_summary.json"
"combo_stage1_ls005","Label-smoothing stage-1 run.","Similar role to label_smoothing_005.","24","phase_accuracy","0.05","0.01","0","","","False","99.8551","100","100","99.9275","0.14492","0.117376","0.121629","0.195754","0.741641","97.2705","99.3478","99.5169","96.1836","0.711338","0.577421","0.605041","0.951551","3.174191","99.686","99.8309","0.149652","0.773984","results/combo_stage1_ls005/metrics_summary.json"
"label_smoothing_005","label_smoothing=0.05.","Good classification improvement over baseline.","24","phase_accuracy","0.05","0.01","0","","","False","99.8551","100","100","99.9275","0.14492","0.117376","0.121629","0.195754","0.741641","97.2705","99.3478","99.5169","96.1836","0.711338","0.577421","0.605041","0.951551","3.174191","99.686","99.8309","0.149652","0.773984","results/label_smoothing_005/metrics_summary.json"
"stage2_lattice_head","Stage-2 training of lattice head only.","Not useful in current setup.","8","lattice_mae_mean","0","1","0","","","False","99.7826","100","100","99.8309","0.161489","0.125944","0.129943","0.228581","0.811012","95.4831","98.5266","98.8164","92.3188","0.896142","0.721367","0.759972","1.207087","3.922325","99.6135","99.7826","0.167504","0.830561","results/stage2_lattice_head/metrics_summary.json"
"multitask_cnn","Original multi-task CNN baseline.","Stable baseline; useful as the report reference point.","27","","","0.01","0","","","","99.8068","","","99.8068","0.16908","0.130141","0.133555","0.243546","0.842701","95.7971","","","92.7778","0.886887","0.712781","0.75175","1.19613","3.943605","99.5894","99.7826","0.17299","0.857331","results/multitask_cnn/metrics_summary.json"
"physics_loss_ls005","Bragg physics loss with lambda_phys=0.1.","Not recommended; direct large physics loss harms classification.","28","phase_accuracy","0.05","0.01","0.1","","","False","99.5652","100","100","99.5411","0.169556","0.122128","0.128628","0.257911","0.694851","95.7488","98.8889","99.2029","92.3671","0.584355","0.415542","0.527272","0.810252","2.225291","99.5169","99.686","0.172083","0.706995","results/physics_loss_ls005/metrics_summary.json"
"strong_lattice_ls005","Strong lattice head, lambda_lat=0.03, label_smoothing=0.05.","Best hard-set lattice robustness among tested models.","19","phase_accuracy","0.05","0.03","0","","","True","99.8068","100","100","99.8068","0.183459","0.141939","0.141273","0.267165","0.964091","97.343","99.5652","99.7101","97.7053","0.364426","0.283585","0.288497","0.521196","1.686834","99.7101","99.8309","0.184214","0.971306","results/strong_lattice_ls005/metrics_summary.json"
"lambda_lat_005","Increase lattice loss weight to lambda_lat=0.05.","Not recommended alone; hard performance regressed.","27","phase_accuracy","0","0.05","0","","","False","99.7343","100","100","99.7585","0.199548","0.156928","0.153161","0.288555","0.987028","94.3478","97.657","98.5024","89.2754","0.966145","0.762092","0.819303","1.317041","4.273735","99.6135","99.7343","0.205449","1.026307","results/lambda_lat_005/metrics_summary.json"
"lambda_lat_003","Increase lattice loss weight to lambda_lat=0.03.","Not recommended alone; hard performance regressed.","27","phase_accuracy","0","0.03","0","","","False","99.6377","100","100","99.8068","0.219223","0.181159","0.166984","0.309526","1.101796","94.686","97.8261","98.43","93.1159","0.917856","0.729501","0.778546","1.245521","4.027474","99.6135","99.7826","0.224736","1.124162","results/lambda_lat_003/metrics_summary.json"
